PRAGMA foreign_keys=OFF;
BEGIN TRANSACTION;
CREATE TABLE `GPS` (
  `idGPS` INT NOT NULL ,
  `Latitude` DECIMAL(9,6) NULL ,
  `Longitude` DECIMAL(9,6) NULL ,
  `Radius` INT NULL ,
  PRIMARY KEY (`idGPS`) );
INSERT INTO "GPS" VALUES(1,46.8579,-113.988385,100);
INSERT INTO "GPS" VALUES(2,46.858722,-113.988753,100);
INSERT INTO "GPS" VALUES(3,46.858379,-113.987696,100);
INSERT INTO "GPS" VALUES(4,46.858852,-113.988042,100);
INSERT INTO "GPS" VALUES(5,46.859039,-113.98736,100);
INSERT INTO "GPS" VALUES(6,46.857906,-113.986554,100);
INSERT INTO "GPS" VALUES(7,46.858416,-113.986288,100);
INSERT INTO "GPS" VALUES(8,46.858548,-113.985655,100);
INSERT INTO "GPS" VALUES(9,46.858397,-113.985142,100);
INSERT INTO "GPS" VALUES(10,46.85804,-113.985048,100);
INSERT INTO "GPS" VALUES(11,46.85773,-113.98504,100);
INSERT INTO "GPS" VALUES(12,46.857438,-113.985099,100);
INSERT INTO "GPS" VALUES(13,46.857405,-113.984324,100);
INSERT INTO "GPS" VALUES(14,46.858109,-113.984153,100);
INSERT INTO "GPS" VALUES(15,46.857156,-113.982734,100);
INSERT INTO "GPS" VALUES(16,46.857156,-113.982734,100);
INSERT INTO "GPS" VALUES(17,46.857735,-113.983144,100);
INSERT INTO "GPS" VALUES(18,46.857708,-113.982868,100);
INSERT INTO "GPS" VALUES(19,46.8585,-113.982463,100);
INSERT INTO "GPS" VALUES(20,46.858634,-113.983935,100);
INSERT INTO "GPS" VALUES(21,46.858891,-113.983798,100);
INSERT INTO "GPS" VALUES(22,46.859505,-113.982972,100);
INSERT INTO "GPS" VALUES(23,46.860097,-113.983785,100);
INSERT INTO "GPS" VALUES(24,46.859485,-113.984391,100);
INSERT INTO "GPS" VALUES(25,46.859325,-113.98566,100);
INSERT INTO "GPS" VALUES(26,46.859705,-113.986569,100);
INSERT INTO "GPS" VALUES(27,46.859151,-113.986494,100);
INSERT INTO "GPS" VALUES(28,46.858718,-113.986432,100);
INSERT INTO "GPS" VALUES(29,46.85969,-113.988162,100);
INSERT INTO "GPS" VALUES(30,46.860329,-113.988978,100);
INSERT INTO "GPS" VALUES(31,46.860433,-113.987814,100);
INSERT INTO "GPS" VALUES(32,46.861273,-113.988951,100);
INSERT INTO "GPS" VALUES(33,46.86078,-113.987379,100);
INSERT INTO "GPS" VALUES(34,46.861286,-113.988042,100);
INSERT INTO "GPS" VALUES(35,46.861576,-113.988052,100);
INSERT INTO "GPS" VALUES(36,46.861809,-113.987733,100);
INSERT INTO "GPS" VALUES(37,46.862577,-113.987696,100);
INSERT INTO "GPS" VALUES(38,46.862351,-113.986419,100);
INSERT INTO "GPS" VALUES(39,46.861779,-113.986333,100);
INSERT INTO "GPS" VALUES(40,46.860917,-113.985968,100);
INSERT INTO "GPS" VALUES(41,46.860851,-113.984804,100);
INSERT INTO "GPS" VALUES(42,46.861359,-113.984828,100);
INSERT INTO "GPS" VALUES(43,46.861748,-113.985212,100);
INSERT INTO "GPS" VALUES(44,46.862683,-113.985247,100);
INSERT INTO "GPS" VALUES(45,46.862429,-113.98378,100);
INSERT INTO "GPS" VALUES(46,46.861286,-113.983785,100);
INSERT INTO "GPS" VALUES(47,46.860919,-113.982822,100);
INSERT INTO "GPS" VALUES(48,46.860591,-113.982079,100);
INSERT INTO "GPS" VALUES(49,46.861502,-113.980958,100);
INSERT INTO "GPS" VALUES(50,46.861983,-113.982404,100);
INSERT INTO "GPS" VALUES(51,46.862528,-113.982417,100);
INSERT INTO "GPS" VALUES(52,46.863184,-113.979606,100);
INSERT INTO "GPS" VALUES(53,46.863122,-113.983823,100);
INSERT INTO "GPS" VALUES(54,46.863041,-113.983187,100);
INSERT INTO "GPS" VALUES(55,46.863362,-113.983367,100);
INSERT INTO "GPS" VALUES(56,46.863815,-113.983442,100);
INSERT INTO "GPS" VALUES(57,46.863971,-113.9815,100);
INSERT INTO "GPS" VALUES(58,46.86446,-113.983375,100);
INSERT INTO "GPS" VALUES(59,46.86356,-113.985156,100);
INSERT INTO "GPS" VALUES(60,46.863542,-113.986355,100);
INSERT INTO "GPS" VALUES(61,46.863287,-113.987586,100);
INSERT INTO "GPS" VALUES(62,46.864791,-113.987178,100);
INSERT INTO "GPS" VALUES(63,46.847483,-113.994581,100);
INSERT INTO "GPS" VALUES(64,46.862386,-113.9804,100);
INSERT INTO "GPS" VALUES(65,46.861618,-113.983294,100);
CREATE TABLE `Building` (
  `idBuilding` VARCHAR(5) NOT NULL ,
  `Name` VARCHAR(45) NULL ,
  `fk_idGPS` INT NULL ,

  PRIMARY KEY (`idBuilding`) ,
  CONSTRAINT `fk_idGPS`
    FOREIGN KEY (`fk_idGPS` )
    REFERENCES `GPS` (`idGPS` )
    ON DELETE NO ACTION
    ON UPDATE NO ACTION);
INSERT INTO "Building" VALUES('DPAN','Pantzer Hall',1);
INSERT INTO "Building" VALUES('DMIL','Miller Hall',2);
INSERT INTO "Building" VALUES('DELR','Elrod Hall',3);
INSERT INTO "Building" VALUES('DDUN','Duniway Hall',4);
INSERT INTO "Building" VALUES('DCRA','Craig Hall',5);
INSERT INTO "Building" VALUES('ISB','Interdisciplinary Science Building',6);
INSERT INTO "Building" VALUES('HS','Health Sciences',7);
INSERT INTO "Building" VALUES('SB','Skaggs Building',8);
INSERT INTO "Building" VALUES('CP','Chemistry Building',9);
INSERT INTO "Building" VALUES('CS','Chem Stores',10);
INSERT INTO "Building" VALUES('CPC','Clinical Psychology',11);
INSERT INTO "Building" VALUES('LEOI','Leopold Institute',12);
INSERT INTO "Building" VALUES('USFS','U.S. Forest Services',13);
INSERT INTO "Building" VALUES('CHCB','CLAPP Building',14);
INSERT INTO "Building" VALUES('VE','Veterans Education',15);
INSERT INTO "Building" VALUES('TS','Transition Services',16);
INSERT INTO "Building" VALUES('BL','Biology Laboratory',17);
INSERT INTO "Building" VALUES('EL','Ecology Laboratory',18);
INSERT INTO "Building" VALUES('SG','Schreiber Gym',19);
INSERT INTO "Building" VALUES('FGH','Forestry Greenhouse',20);
INSERT INTO "Building" VALUES('FOR','Forestry',21);
INSERT INTO "Building" VALUES('MLB','Mansfield Library',22);
INSERT INTO "Building" VALUES('UH','University Main Hall',23);
INSERT INTO "Building" VALUES('DHC','Davidson Honors College',24);
INSERT INTO "Building" VALUES('MATH','Math',25);
INSERT INTO "Building" VALUES('NAC','Native American Center',26);
INSERT INTO "Building" VALUES('IC','International Center',27);
INSERT INTO "Building" VALUES('BIOR','Bio Research',28);
INSERT INTO "Building" VALUES('LO','Emma B. Lommasson Center',29);
INSERT INTO "Building" VALUES('NAS','Old Native American Studies',30);
INSERT INTO "Building" VALUES('DKNO','Knowles Hall',31);
INSERT INTO "Building" VALUES('DJES','Jesse Hall',32);
INSERT INTO "Building" VALUES('DTUR','Turner Hall',33);
INSERT INTO "Building" VALUES('COR','Corbin Hall',34);
INSERT INTO "Building" VALUES('NCOR','North Corbin Hall',35);
INSERT INTO "Building" VALUES('BRAN','Brantly Hall',36);
INSERT INTO "Building" VALUES('GBB','Gallagher Building',37);
INSERT INTO "Building" VALUES('MUS','Music',38);
INSERT INTO "Building" VALUES('FA','Fine Arts',39);
INSERT INTO "Building" VALUES('LA','Liberal Arts',40);
INSERT INTO "Building" VALUES('JRH','Jeannette Rankin Hall',41);
INSERT INTO "Building" VALUES('DAH','Anderson Hall',42);
INSERT INTO "Building" VALUES('SS','Social Sciences',43);
INSERT INTO "Building" VALUES('ED','Education',44);
INSERT INTO "Building" VALUES('MCG','McGill Hall',45);
INSERT INTO "Building" VALUES('NS','Natural Sciences',46);
INSERT INTO "Building" VALUES('UC','University Center',47);
INSERT INTO "Building" VALUES('JET','Todd Building',48);
INSERT INTO "Building" VALUES('PH','Prescott House',49);
INSERT INTO "Building" VALUES('DABE','Aber Hall',50);
INSERT INTO "Building" VALUES('HEAT','Heating Plant',51);
INSERT INTO "Building" VALUES('PP','Physical Plant',52);
INSERT INTO "Building" VALUES('AA','Art Annex',53);
INSERT INTO "Building" VALUES('POOL','Pool',54);
INSERT INTO "Building" VALUES('AG','Auxillary Gyms',55);
INSERT INTO "Building" VALUES('AC','Adams Center',56);
INSERT INTO "Building" VALUES('WGS','Washington Grizzly Stadium',57);
INSERT INTO "Building" VALUES('FRC','Student Rec. Center',58);
INSERT INTO "Building" VALUES('PART','PAR/TV',59);
INSERT INTO "Building" VALUES('LAW','School of Law',60);
INSERT INTO "Building" VALUES('CHC','Curry Health Center',61);
INSERT INTO "Building" VALUES('INTH','International House',62);
INSERT INTO "Building" VALUES('DORN','Dornblaser',63);
INSERT INTO "Building" VALUES('M','The M Trail',64);
INSERT INTO "Building" VALUES('TENN','Tennis Courts',65);
CREATE TABLE `Classroom` (
  `idClassroom` INT NOT NULL ,
  `fk_idBuilding` INT NULL ,
  `RoomNumber` VARCHAR(20) NULL ,
  PRIMARY KEY (`idClassroom`) ,
  
  CONSTRAINT `fk_idBuilding`
    FOREIGN KEY (`fk_idBuilding` )
    REFERENCES `Building` (`idBuilding` )
    ON DELETE NO ACTION
    ON UPDATE NO ACTION);
INSERT INTO "Classroom" VALUES(1,'SS','500');
CREATE TABLE `Semester` (
  `idSemester` INT NOT NULL ,
  `Year` INT NULL ,
  `Season` CHAR(2) NULL ,
  PRIMARY KEY (`idSemester`) );
INSERT INTO "Semester" VALUES(1,2012,'SP');
INSERT INTO "Semester" VALUES(2,2012,'SU');
INSERT INTO "Semester" VALUES(3,2012,'FA');
CREATE TABLE `Subject` (
  `idSubject` VARCHAR(5) NOT NULL ,
  PRIMARY KEY (`idSubject`) );
INSERT INTO "Subject" VALUES('ARTZ');
INSERT INTO "Subject" VALUES('HHP');
INSERT INTO "Subject" VALUES('PHSX');
INSERT INTO "Subject" VALUES('ASTR');
INSERT INTO "Subject" VALUES('GEO');
INSERT INTO "Subject" VALUES('PSYX');
INSERT INTO "Subject" VALUES('CHMY');
INSERT INTO "Subject" VALUES('BCH');
INSERT INTO "Subject" VALUES('CCS');
INSERT INTO "Subject" VALUES('ENSC');
INSERT INTO "Subject" VALUES('PTRM');
INSERT INTO "Subject" VALUES('FORS');
INSERT INTO "Subject" VALUES('NRSM');
INSERT INTO "Subject" VALUES('DANC');
INSERT INTO "Subject" VALUES('M');
INSERT INTO "Subject" VALUES('C&I');
INSERT INTO "Subject" VALUES('ENST');
INSERT INTO "Subject" VALUES('COMM');
INSERT INTO "Subject" VALUES('ARAB');
INSERT INTO "Subject" VALUES('ECNS');
INSERT INTO "Subject" VALUES('PHAR');
INSERT INTO "Subject" VALUES('BMED');
INSERT INTO "Subject" VALUES('CSD');
INSERT INTO "Subject" VALUES('S W');
INSERT INTO "Subject" VALUES('JOUR');
INSERT INTO "Subject" VALUES('R-TV');
INSERT INTO "Subject" VALUES('BIOB');
INSERT INTO "Subject" VALUES('LIT');
INSERT INTO "Subject" VALUES('HC');
INSERT INTO "Subject" VALUES('COUN');
INSERT INTO "Subject" VALUES('ANTY');
INSERT INTO "Subject" VALUES('ENCR');
INSERT INTO "Subject" VALUES('PSCI');
INSERT INTO "Subject" VALUES('LS');
INSERT INTO "Subject" VALUES('HSTA');
INSERT INTO "Subject" VALUES('WRIT');
INSERT INTO "Subject" VALUES('MUSI');
INSERT INTO "Subject" VALUES('EDU');
INSERT INTO "Subject" VALUES('NUTR');
INSERT INTO "Subject" VALUES('CSCI');
INSERT INTO "Subject" VALUES('WGS');
INSERT INTO "Subject" VALUES('SOCI');
INSERT INTO "Subject" VALUES('SCI');
INSERT INTO "Subject" VALUES('HSTR');
INSERT INTO "Subject" VALUES('MAR');
INSERT INTO "Subject" VALUES('EDLD');
INSERT INTO "Subject" VALUES('ARTH');
INSERT INTO "Subject" VALUES('ENFM');
INSERT INTO "Subject" VALUES('PHL');
INSERT INTO "Subject" VALUES('LING');
INSERT INTO "Subject" VALUES('MANS');
INSERT INTO "Subject" VALUES('SSEA');
INSERT INTO "Subject" VALUES('BIOM');
INSERT INTO "Subject" VALUES('WILD');
INSERT INTO "Subject" VALUES('GPHY');
INSERT INTO "Subject" VALUES('BIOE');
INSERT INTO "Subject" VALUES('MKTG');
INSERT INTO "Subject" VALUES('MGMT');
INSERT INTO "Subject" VALUES('MBA');
INSERT INTO "Subject" VALUES('MIS');
INSERT INTO "Subject" VALUES('BADM');
INSERT INTO "Subject" VALUES('NASX');
INSERT INTO "Subject" VALUES('ACTG');
INSERT INTO "Subject" VALUES('BFIN');
INSERT INTO "Subject" VALUES('RLST');
INSERT INTO "Subject" VALUES('WPA');
INSERT INTO "Subject" VALUES('ENIR');
INSERT INTO "Subject" VALUES('BIOH');
INSERT INTO "Subject" VALUES('BIOO');
INSERT INTO "Subject" VALUES('BIOL');
INSERT INTO "Subject" VALUES('THTR');
INSERT INTO "Subject" VALUES('MCLG');
INSERT INTO "Subject" VALUES('FRCH');
INSERT INTO "Subject" VALUES('GRMN');
INSERT INTO "Subject" VALUES('ENT');
INSERT INTO "Subject" VALUES('CHIN');
INSERT INTO "Subject" VALUES('SPNS');
INSERT INTO "Subject" VALUES('ENLI');
INSERT INTO "Subject" VALUES('EASL');
INSERT INTO "Subject" VALUES('RUSS');
INSERT INTO "Subject" VALUES('JPNS');
INSERT INTO "Subject" VALUES('AAS');
INSERT INTO "Subject" VALUES('GRK');
INSERT INTO "Subject" VALUES('HFD');
INSERT INTO "Subject" VALUES('LATN');
INSERT INTO "Subject" VALUES('ITLN');
INSERT INTO "Subject" VALUES('STAT');
INSERT INTO "Subject" VALUES('UNC');
INSERT INTO "Subject" VALUES('IYFD');
INSERT INTO "Subject" VALUES('MUSE');
INSERT INTO "Subject" VALUES('MUST');
INSERT INTO "Subject" VALUES('HS');
INSERT INTO "Subject" VALUES('ERTH');
INSERT INTO "Subject" VALUES('P T');
INSERT INTO "Subject" VALUES('MSL');
CREATE TABLE `Course` (
  `idCourse` INT NOT NULL  ,
  `CourseNumber` VARCHAR(5) NULL ,
  `CourseTitle` VARCHAR(45) NULL ,
  `fk_idSubject` VARCHAR(5) NULL ,
  PRIMARY KEY (`idCourse`) ,
  CONSTRAINT `fk_idSubject`
    FOREIGN KEY (`fk_idSubject` )
    REFERENCES `Subject` (`idSubject` )
    ON DELETE NO ACTION
    ON UPDATE NO ACTION);
INSERT INTO "Course" VALUES(1,'400','iOS Programming','CSCI');
CREATE TABLE `Student` (
  `idStudent` INT NOT NULL ,
  `LName` VARCHAR(45) NULL ,
  `FName` VARCHAR(45) NULL ,
  `Email` VARCHAR(45) NULL ,
  PRIMARY KEY (`idStudent`) );
CREATE TABLE `BoredInterest` (
  `idBoredInterest` INT NOT NULL  ,
  `InterestName` VARCHAR(45) NULL ,
  `Interested` TINYINT(1)  NULL ,
  PRIMARY KEY (`idBoredInterest`) );
INSERT INTO "BoredInterest" VALUES(1,'Racquetball',NULL);
INSERT INTO "BoredInterest" VALUES(2,'Basketball',NULL);
INSERT INTO "BoredInterest" VALUES(3,'Soccer',NULL);
INSERT INTO "BoredInterest" VALUES(4,'Movies',NULL);
INSERT INTO "BoredInterest" VALUES(5,'Hiking',NULL);
INSERT INTO "BoredInterest" VALUES(6,'Pool',NULL);
INSERT INTO "BoredInterest" VALUES(7,'Swimming',NULL);
INSERT INTO "BoredInterest" VALUES(8,'Napping',NULL);
INSERT INTO "BoredInterest" VALUES(9,'Reading',NULL);
INSERT INTO "BoredInterest" VALUES(10,'Paleontology',NULL);
INSERT INTO "BoredInterest" VALUES(11,'Music',NULL);
INSERT INTO "BoredInterest" VALUES(12,'Eating',NULL);
INSERT INTO "BoredInterest" VALUES(13,'Tennis',NULL);
CREATE TABLE `BoredEvent` (
  `idBoredEvent` INT NOT NULL ,
  `fk_idBoredInterest` INT NULL ,
  `EventTitle` VARCHAR(45) NULL ,
  `fk_idBuilding` VARCHAR(5) NULL ,
  PRIMARY KEY (`idBoredEvent`) ,
  CONSTRAINT `fk_idBoredInterest`
    FOREIGN KEY (`fk_idBoredInterest` )
    REFERENCES `BoredInterest` (`idBoredInterest` )
    ON DELETE NO ACTION
    ON UPDATE NO ACTION,
  CONSTRAINT `fk_idBuilding`
    FOREIGN KEY (`fk_idBuilding` )
    REFERENCES `Building` (`idBuilding` )
    ON DELETE NO ACTION
    ON UPDATE NO ACTION);
INSERT INTO "BoredEvent" VALUES(1,1,'Racquetball Courts','AC');
INSERT INTO "BoredEvent" VALUES(2,2,'Basketball Courts','AC');
INSERT INTO "BoredEvent" VALUES(3,3,'Soccer Fields','DORN');
INSERT INTO "BoredEvent" VALUES(4,4,'UC Theatre','UC');
INSERT INTO "BoredEvent" VALUES(5,5,'The M Trail','M');
INSERT INTO "BoredEvent" VALUES(6,6,'Play Pool in UC Game Room','UC');
INSERT INTO "BoredEvent" VALUES(7,7,'Free Swim time at Grizzly Pool','POOL');
INSERT INTO "BoredEvent" VALUES(8,8,'Nice Couches on 2nd Floor of UC','UC');
INSERT INTO "BoredEvent" VALUES(9,9,'Lots of books in the library','MLB');
INSERT INTO "BoredEvent" VALUES(10,10,'Checkout dinosaur on 1st floor','CHCB');
INSERT INTO "BoredEvent" VALUES(11,11,'Checkout the music building for upcoming concerts','MUS');
INSERT INTO "BoredEvent" VALUES(12,12,'Lots of food options in UC','UC');
INSERT INTO "BoredEvent" VALUES(13,13,'Tennis Courts','TENN');
CREATE TABLE `StudyBuddy` (
  `idStudyBuddy` INT NOT NULL  ,
  `SBFName` VARCHAR(45) NULL ,
  `SBLName` VARCHAR(45) NULL ,
  `fk_idCRN` INT NULL ,
  PRIMARY KEY (`idStudyBuddy`) ,
  CONSTRAINT `fk_idCRN`
    FOREIGN KEY (`fk_idCRN` )
    REFERENCES `CourseSection` (`idCRN` )
    ON DELETE NO ACTION
    ON UPDATE NO ACTION);
INSERT INTO "StudyBuddy" VALUES(1,'Jane','Doe',11111);
INSERT INTO "StudyBuddy" VALUES(2,'John','Doe',11111);
CREATE TABLE `CourseSection` (
  `idCRN` INT NOT NULL ,
  `fk_idSemester` INT NULL ,
  `SectionNum` CHAR(2) NULL ,
  `StartTime` DATETIME NULL ,
  `EndTime` DATETIME NULL ,
  `Days` BIT NULL ,
  `fk_idClassRoom` INT NULL ,
  `InstructorLName` VARCHAR(45) NULL ,
  `fk_idCourse` INT NULL ,
  PRIMARY KEY (`idCRN`) ,

  CONSTRAINT `fk_idCourse`
    FOREIGN KEY (`fk_idCourse` )
    REFERENCES `Course` (`idCourse` )
    ON DELETE NO ACTION
    ON UPDATE NO ACTION,
  CONSTRAINT `fk_idClassroom`
    FOREIGN KEY (`fk_idClassRoom` )
    REFERENCES `Classroom` (`idClassroom` )
    ON DELETE NO ACTION
    ON UPDATE NO ACTION,
  CONSTRAINT `fk_idSemester`
    FOREIGN KEY (`fk_idSemester` )
    REFERENCES `Semester` (`idSemester` )
    ON DELETE NO ACTION
    ON UPDATE NO ACTION);
INSERT INTO "CourseSection" VALUES(11111,1,'1',8,9,1,1,'Smith',1);
COMMIT;
